-- phpMyAdmin SQL Dump
-- version 5.2.0
-- https://www.phpmyadmin.net/
--
-- Servidor: localhost:3306
-- Tiempo de generaci贸n: 19-12-2022 a las 06:56:13
-- Versi贸n del servidor: 5.7.33
-- Versi贸n de PHP: 7.4.19

SET SQL_MODE = "NO_AUTO_VALUE_ON_ZERO";
START TRANSACTION;
SET time_zone = "+00:00";


/*!40101 SET @OLD_CHARACTER_SET_CLIENT=@@CHARACTER_SET_CLIENT */;
/*!40101 SET @OLD_CHARACTER_SET_RESULTS=@@CHARACTER_SET_RESULTS */;
/*!40101 SET @OLD_COLLATION_CONNECTION=@@COLLATION_CONNECTION */;
/*!40101 SET NAMES utf8mb4 */;

--
-- Base de datos: `db_offers`
--

-- --------------------------------------------------------

--
-- Estructura de tabla para la tabla `failed_jobs`
--

CREATE TABLE `failed_jobs` (
  `id` bigint(20) UNSIGNED NOT NULL,
  `uuid` varchar(255) COLLATE utf8mb4_unicode_ci NOT NULL,
  `connection` text COLLATE utf8mb4_unicode_ci NOT NULL,
  `queue` text COLLATE utf8mb4_unicode_ci NOT NULL,
  `payload` longtext COLLATE utf8mb4_unicode_ci NOT NULL,
  `exception` longtext COLLATE utf8mb4_unicode_ci NOT NULL,
  `failed_at` timestamp NOT NULL DEFAULT CURRENT_TIMESTAMP
) ENGINE=InnoDB DEFAULT CHARSET=utf8mb4 COLLATE=utf8mb4_unicode_ci;

-- --------------------------------------------------------

--
-- Estructura de tabla para la tabla `migrations`
--

CREATE TABLE `migrations` (
  `id` int(10) UNSIGNED NOT NULL,
  `migration` varchar(255) COLLATE utf8mb4_unicode_ci NOT NULL,
  `batch` int(11) NOT NULL
) ENGINE=InnoDB DEFAULT CHARSET=utf8mb4 COLLATE=utf8mb4_unicode_ci;

--
-- Volcado de datos para la tabla `migrations`
--

INSERT INTO `migrations` (`id`, `migration`, `batch`) VALUES
(1, '2014_10_12_000000_create_users_table', 1),
(2, '2014_10_12_100000_create_password_resets_table', 1),
(3, '2019_08_19_000000_create_failed_jobs_table', 1),
(4, '2019_12_14_000001_create_personal_access_tokens_table', 1),
(5, '2022_12_13_162638_create_offer_statuses_table', 1),
(6, '2022_12_13_162711_create_product_classes_table', 1),
(7, '2022_12_14_220718_create_products_table', 1),
(8, '2022_12_15_225529_create_offers_table', 1);

-- --------------------------------------------------------

--
-- Estructura de tabla para la tabla `offers`
--

CREATE TABLE `offers` (
  `offer_id` int(10) UNSIGNED NOT NULL,
  `creator` varchar(255) COLLATE utf8mb4_unicode_ci NOT NULL,
  `object` varchar(255) COLLATE utf8mb4_unicode_ci NOT NULL,
  `activity_id` bigint(20) UNSIGNED NOT NULL,
  `description` text COLLATE utf8mb4_unicode_ci NOT NULL,
  `currency` varchar(255) COLLATE utf8mb4_unicode_ci NOT NULL,
  `budget` int(11) NOT NULL,
  `start_date` timestamp NOT NULL,
  `end_date` timestamp NOT NULL,
  `start_time` time DEFAULT NULL,
  `end_time` time DEFAULT NULL,
  `status_id` bigint(20) UNSIGNED NOT NULL,
  `created_at` timestamp NULL DEFAULT NULL,
  `updated_at` timestamp NULL DEFAULT NULL
) ENGINE=InnoDB DEFAULT CHARSET=utf8mb4 COLLATE=utf8mb4_unicode_ci;

--
-- Volcado de datos para la tabla `offers`
--

INSERT INTO `offers` (`offer_id`, `creator`, `object`, `activity_id`, `description`, `currency`, `budget`, `start_date`, `end_date`, `start_time`, `end_time`, `status_id`, `created_at`, `updated_at`) VALUES
(1, 'Usuario', 'INIT-02', 10101505, 'Creaci贸n de comercio.', 'EUR', 1522, '2022-12-19 05:00:00', '2022-12-19 05:00:00', '01:41:00', '01:42:00', 1, '2022-12-19 11:42:04', '2022-12-19 11:42:04');

-- --------------------------------------------------------

--
-- Estructura de tabla para la tabla `offer_statuses`
--

CREATE TABLE `offer_statuses` (
  `status_id` bigint(20) UNSIGNED NOT NULL,
  `name` varchar(255) COLLATE utf8mb4_unicode_ci NOT NULL
) ENGINE=InnoDB DEFAULT CHARSET=utf8mb4 COLLATE=utf8mb4_unicode_ci;

--
-- Volcado de datos para la tabla `offer_statuses`
--

INSERT INTO `offer_statuses` (`status_id`, `name`) VALUES
(1, 'Activo'),
(2, 'Publicado'),
(3, 'Evaluacion');

-- --------------------------------------------------------

--
-- Estructura de tabla para la tabla `password_resets`
--

CREATE TABLE `password_resets` (
  `email` varchar(255) COLLATE utf8mb4_unicode_ci NOT NULL,
  `token` varchar(255) COLLATE utf8mb4_unicode_ci NOT NULL,
  `created_at` timestamp NULL DEFAULT NULL
) ENGINE=InnoDB DEFAULT CHARSET=utf8mb4 COLLATE=utf8mb4_unicode_ci;

-- --------------------------------------------------------

--
-- Estructura de tabla para la tabla `personal_access_tokens`
--

CREATE TABLE `personal_access_tokens` (
  `id` bigint(20) UNSIGNED NOT NULL,
  `tokenable_type` varchar(255) COLLATE utf8mb4_unicode_ci NOT NULL,
  `tokenable_id` bigint(20) UNSIGNED NOT NULL,
  `name` varchar(255) COLLATE utf8mb4_unicode_ci NOT NULL,
  `token` varchar(64) COLLATE utf8mb4_unicode_ci NOT NULL,
  `abilities` text COLLATE utf8mb4_unicode_ci,
  `last_used_at` timestamp NULL DEFAULT NULL,
  `created_at` timestamp NULL DEFAULT NULL,
  `updated_at` timestamp NULL DEFAULT NULL
) ENGINE=InnoDB DEFAULT CHARSET=utf8mb4 COLLATE=utf8mb4_unicode_ci;

-- --------------------------------------------------------

--
-- Estructura de tabla para la tabla `products`
--

CREATE TABLE `products` (
  `product_id` bigint(20) UNSIGNED NOT NULL,
  `name` varchar(255) COLLATE utf8mb4_unicode_ci NOT NULL,
  `class_id` bigint(20) UNSIGNED NOT NULL
) ENGINE=InnoDB DEFAULT CHARSET=utf8mb4 COLLATE=utf8mb4_unicode_ci;

--
-- Volcado de datos para la tabla `products`
--

INSERT INTO `products` (`product_id`, `name`, `class_id`) VALUES
(10101501, 'Gatos', 101015),
(10101502, 'Perros', 101015),
(10101505, 'Ratas', 101015),
(10101506, 'Caballos', 101015),
(10101507, 'Ovejas', 101015),
(10101508, 'Cabras', 101015),
(10101509, 'Asnos', 101015),
(10101510, 'Ratones', 101015),
(10101511, 'Cerdos', 101015),
(10101512, 'Conejos', 101015),
(10101513, 'Cobayas o conejillos de indias', 101015),
(10101514, 'Primates', 101015),
(10101515, 'Armadillos', 101015),
(10101516, 'Ganado vacuno', 101015),
(10101517, 'Camellos', 101015),
(10101702, 'Trucha viva', 101017),
(10101703, 'Tilapia viva', 101017),
(10101704, 'Carpa viva', 101017),
(10101705, 'Anguilas vivas', 101017),
(10101901, 'Mariposas', 101019),
(10101902, 'Escarabajos', 101019),
(10101903, 'Abejas', 101019),
(10101904, 'Gusanos de seda', 101019),
(10102001, 'Elefantes', 101020),
(10102002, 'Zorros vivos', 101020),
(10121501, 'Salvado de trigo puro', 101215),
(10121502, 'Avena para forraje', 101215),
(10121504, 'Sorgo para forraje', 101215),
(10121505, 'Heno', 101215),
(10121506, 'Tortas oleaginosas', 101215),
(10121507, 'Forraje compuesto', 101215),
(10121701, 'Salmuera fresca o congelada', 101217),
(10121702, 'Alimento granulado para peces', 101217),
(10121703, 'Alimento en hojuelas para peces', 101217),
(10121801, 'Comida seca para perros', 101218),
(10121803, 'Leche para perros o gatos', 101218),
(10121804, 'Comida seca para gatos', 101218),
(10121806, 'Pasa bocas o comida recreacional para gatos o perros', 101218),
(10121901, 'Comida granulada para roedores', 101219),
(10122001, 'Comida granulada para reptiles', 101220),
(10122003, 'Comida viva para reptiles', 101220),
(10122101, 'Comida para cerdos', 101221),
(10122102, 'Comida para visones', 101221),
(10122103, 'Comida para monos', 101221),
(10122104, 'Comida para conejos', 101221),
(10131506, 'Establos para ganado', 101315),
(10131507, 'Casas para mascotas domesticadas', 101315),
(10131508, 'Camas para mascotas', 101315),
(10131601, 'Jaulas o sus accesorios', 101316),
(10131602, 'Perreras', 101316),
(10131603, 'Equipaje para el transporte de animales', 101316),
(10131604, 'Correas para perros', 101316),
(10141601, 'Bridas', 101416),
(10141602, 'Yugos', 101416),
(10141603, 'Bocados para caballos', 101416),
(10141604, 'Riendas', 101416),
(10141605, 'Estribos', 101416),
(10141607, 'Arneses de cuello para animales', 101416),
(10141608, 'Arneses o sus accesorios', 101416),
(10141609, 'Sujetadores', 101416),
(10141610, 'Bozales', 101416),
(10141611, 'Soportes para correas', 101416),
(10151601, 'Semillas de trigo', 101516),
(10151602, 'Semillas de canola', 101516),
(10151603, 'Semillas de cebada', 101516),
(10151604, 'Semillas de mijo', 101516),
(10151605, 'Semillas de avena', 101516),
(10151607, 'Semillas de linaza', 101516),
(10151608, 'Semillas de aceite de ricino', 101516),
(10151610, 'Semillas de centeno', 101516),
(10151611, 'Semillas de sorgo', 101516),
(10152102, 'Residuos de semilla de colza', 101521),
(10152103, 'Residuo de semillas de linaza', 101521),
(10152104, 'Torta de neem', 101521),
(10161602, 'Poinsettias', 101616),
(10161604, 'Azaleas', 101616),
(10161605, 'Cactos', 101616),
(10161801, 'Helechos', 101618),
(10161802, 'Hiedras', 101618),
(10161803, 'Filodendros', 101618),
(10161805, 'Vides', 101618),
(10161901, 'Vainas secas', 101619),
(10161902, 'Follaje seco', 101619),
(10161903, 'Helechos secos', 101619),
(10161905, 'Ramas y tallos secos', 101619),
(10161907, 'Flores secas prensadas', 101619),
(10171701, 'Matamalezas', 101717),
(10171702, 'Fungicidas', 101717),
(10191506, 'Mata ? roedores ', 101915),
(10191507, 'Repelentes de aves', 101915),
(10191508, 'Protectores contra termitas', 101915),
(10191509, 'Insecticidas', 101915),
(10191510, 'Abamectina', 101915),
(10191511, 'Fipronil', 101915),
(10191701, 'Trampas para control animal', 101917),
(10191703, 'Trampas para el control de insectos voladores', 101917),
(10191704, 'Matamoscas', 101917),
(10191705, 'Lazos', 101917),
(10191706, 'Cepos', 101917),
(10201701, 'Rosal vivo advenire', 102017),
(10201702, 'Rosal vivo alex', 102017),
(10201703, 'Rosal vivo antique brass', 102017),
(10201704, 'Rosal vivo aubade', 102017),
(10201705, 'Rosal vivo beach', 102017),
(10201706, 'Rosal vivo belle pearl', 102017),
(10201707, 'Rosal vivo blush de los andes', 102017),
(10201708, 'Rosal vivo camel', 102017),
(10201709, 'Rosal vivo caramel antike o caramel antique', 102017),
(10201710, 'Rosal vivo champagne', 102017),
(10201711, 'Rosal vivo clear ocean', 102017),
(10201712, 'Rosal vivo combo', 102017),
(10201713, 'Rosal vivo creme de la creme', 102017),
(10201714, 'Rosal vivo emanuella', 102017),
(10201715, 'Rosal vivo evolution', 102017),
(10201716, 'Rosal vivo fedora', 102017),
(10201717, 'Rosal vivo fenice', 102017),
(10201718, 'Rosal vivo french vanilla', 102017),
(10201719, 'Rosal vivo hollywood', 102017),
(10201720, 'Rosal vivo ilios', 102017),
(10201721, 'Rosal vivo jelena', 102017),
(10201722, 'Rosal vivo kameleon', 102017),
(10201723, 'Rosal vivo kentucky', 102017),
(10201724, 'Rosal vivo kings pride', 102017),
(10201725, 'Rosal vivo latin fusion', 102017),
(10201726, 'Rosal vivo lemon dream', 102017),
(10201727, 'Rosal vivo magic moka', 102017),
(10201728, 'Rosal vivo mamamia', 102017),
(10201729, 'Rosal vivo message', 102017),
(10201730, 'Rosal vivo muneca o munieca', 102017),
(10201731, 'Rosal vivo parfum de rosas', 102017),
(10201732, 'Rosal vivo porcelina', 102017),
(10201733, 'Rosal vivo privilege', 102017),
(10201734, 'Rosal vivo quicksand', 102017),
(10201735, 'Rosal vivo rollercoaster', 102017),
(10201736, 'Rosal vivo romantic curiosa', 102017),
(10201737, 'Rosal vivo safari', 102017),
(10201738, 'Rosal vivo sahara', 102017),
(10201739, 'Rosal vivo sandy femma', 102017),
(10201740, 'Rosal vivo talea', 102017),
(10201741, 'Rosal vivo timeless', 102017),
(10201742, 'Rosal vivo transition', 102017),
(10201743, 'Rosal vivo trump', 102017),
(10201744, 'Rosal vivo twin', 102017),
(10201745, 'Rosal vivo vendela', 102017),
(10201746, 'Rosal vivo virginia', 102017),
(10201801, 'Rosal vivo amandine', 102018),
(10201802, 'Rosal vivo caipirinha', 102018),
(10201803, 'Rosal vivo green fashion', 102018),
(10201804, 'Rosal vivo green tea', 102018),
(10201805, 'Rosal vivo jade', 102018),
(10201806, 'Rosal vivo limbo', 102018),
(10201807, 'Rosal vivo limena o limenia', 102018),
(10201808, 'Rosal vivo limona', 102018),
(10201809, 'Rosal vivo old dutch', 102018),
(10201810, 'Rosal vivo super green', 102018),
(10201811, 'Rosal vivo sweet green', 102018),
(10201812, 'Rosal vivo viva', 102018),
(10201813, 'Rosal vivo zazu', 102018),
(10201901, 'Rosal vivo anna', 102019),
(10201902, 'Rosal vivo bella vita', 102019),
(10201903, 'Rosal vivo bridal dream', 102019),
(10201904, 'Rosal vivo candy bianca', 102019),
(10201905, 'Rosal vivo caress', 102019),
(10201906, 'Rosal vivo carolina ', 102019),
(10201907, 'Rosal vivo climax ', 102019),
(10201908, 'Rosal vivo danny ', 102019),
(10201909, 'Rosal vivo dolce vita ', 102019),
(10201910, 'Rosal vivo elite', 102019),
(10201911, 'Rosal vivo emma', 102019),
(10201912, 'Rosal vivo engagement', 102019),
(10201913, 'Rosal vivo esther', 102019),
(10201914, 'Rosal vivo excalibur', 102019),
(10201915, 'Rosal vivo exciting', 102019),
(10201916, 'Rosal vivo first lady', 102019),
(10201917, 'Rosal vivo geraldine', 102019),
(10201918, 'Rosal vivo gotcha', 102019),
(10201919, 'Rosal vivo harmonie', 102019),
(10201920, 'Rosal vivo heaven', 102019),
(10201921, 'Rosal vivo high and elegant', 102019),
(10201922, 'Rosal vivo katherine', 102019),
(10201923, 'Rosal vivo king kong', 102019),
(10201924, 'Rosal vivo livia', 102019),
(10201925, 'Rosal vivo lorena', 102019),
(10201926, 'Rosal vivo lovely', 102019),
(10201927, 'Rosal vivo maaike', 102019),
(10201928, 'Rosal vivo marilyn', 102019),
(10201929, 'Rosal vivo marlise', 102019),
(10201930, 'Rosal vivo miranda o ausimmon', 102019),
(10201931, 'Rosal vivo mona lisa', 102019),
(10201932, 'Rosal vivo nirvana', 102019),
(10201933, 'Rosal vivo o hara', 102019),
(10201934, 'Rosal vivo ole', 102019),
(10201935, 'Rosal vivo olga', 102019),
(10201937, 'Rosal vivo party mix', 102019),
(10201938, 'Rosal vivo peckoubo o pekcoubo', 102019),
(10201939, 'Rosal vivo phoebe o ausnotice', 102019),
(10201940, 'Rosal vivo pink farfalla', 102019),
(10201941, 'Rosal vivo pink finess', 102019),
(10201942, 'Rosal vivo pink magic', 102019),
(10201943, 'Rosal vivo pink osiana', 102019),
(10201944, 'Rosal vivo pretty woman', 102019),
(10201945, 'Rosal vivo romance', 102019),
(10201946, 'Rosal vivo romantic antike o antique', 102019),
(10201947, 'Rosal vivo rosalind o astew', 102019),
(10201948, 'Rosal vivo rosita vendela', 102019),
(10201949, 'Rosal vivo secret garden', 102019),
(10201950, 'Rosal vivo solaire', 102019),
(10201951, 'Rosal vivo sophie', 102019),
(10201952, 'Rosal vivo sweet akito', 102019),
(10201953, 'Rosal vivo sweet avalanche', 102019),
(10201954, 'Rosal vivo sweet elegance', 102019),
(10201955, 'Rosal vivo sweet pink', 102019),
(10201956, 'Rosal vivo titanic', 102019),
(10201957, 'Rosal vivo toscanini', 102019),
(10201958, 'Rosal vivo vania', 102019),
(10201959, 'Rosal vivo vanity', 102019),
(10201960, 'Rosal vivo vision', 102019),
(10201961, 'Rosal vivo vivaldi', 102019),
(10201962, 'Rosal vivo whisper', 102019),
(10202001, 'Rosal vivo attracta', 102020),
(10202002, 'Rosal vivo boheme', 102020),
(10202003, 'Rosal vivo carousel', 102020),
(10202004, 'Rosal vivo cezanne', 102020),
(10202005, 'Rosal vivo crazy one', 102020),
(10202006, 'Rosal vivo dance valley', 102020),
(10202007, 'Rosal vivo duett', 102020),
(10202008, 'Rosal vivo esperance', 102020),
(10202009, 'Rosal vivo fiesta', 102020),
(10202010, 'Rosal vivo halloween', 102020),
(10202011, 'Rosal vivo highlander', 102020),
(10202012, 'Rosal vivo hot ambiance', 102020),
(10202013, 'Rosal vivo la belle', 102020),
(10202014, 'Rosal vivo laguna', 102020),
(10202015, 'Rosal vivo latin ambiance', 102020),
(10202016, 'Rosal vivo latin breeze', 102020),
(10202017, 'Rosal vivo long arifa', 102020),
(10202018, 'Rosal vivo murano', 102020),
(10202019, 'Rosal vivo n-joy rose', 102020),
(10202020, 'Rosal vivo panama', 102020),
(10202021, 'Rosal vivo peppermint', 102020),
(10202022, 'Rosal vivo pijama party', 102020),
(10202023, 'Rosal vivo portofino', 102020),
(10202024, 'Rosal vivo priceless', 102020),
(10202025, 'Rosal vivo queen amazon', 102020),
(10202026, 'Rosal vivo ranuncula', 102020),
(10202027, 'Rosal vivo rossini', 102020),
(10202028, 'Rosal vivo sabina o sabrina', 102020),
(10202029, 'Rosal vivo scandal', 102020),
(10202030, 'Rosal vivo silvery pink', 102020),
(10202031, 'Rosal vivo something else', 102020),
(10202032, 'Rosal vivo soutine', 102020),
(10202033, 'Rosal vivo sovereign', 102020),
(10202034, 'Rosal vivo super disco', 102020),
(10202035, 'Rosal vivo ts 1968', 102020),
(10202036, 'Rosal vivo variance', 102020),
(10202037, 'Rosal vivo verdi', 102020),
(10202101, 'Rosal vivo alhambra', 102021),
(10202102, 'Rosal vivo aloha', 102021),
(10202103, 'Rosal vivo amber', 102021),
(10202104, 'Rosal vivo apache', 102021),
(10202105, 'Rosal vivo arabia', 102021),
(10202106, 'Rosal vivo bengala', 102021),
(10202107, 'Rosal vivo bibi', 102021),
(10202108, 'Rosal vivo caramba', 102021),
(10202109, 'Rosal vivo caramella', 102021),
(10202110, 'Rosal vivo carla', 102021),
(10202111, 'Rosal vivo cartagena', 102021),
(10202112, 'Rosal vivo chanson', 102021),
(10202113, 'Rosal vivo charmer', 102021),
(10202114, 'Rosal vivo cherry brandy', 102021),
(10202115, 'Rosal vivo chilis', 102021),
(10202116, 'Rosal vivo cinnamon', 102021),
(10202117, 'Rosal vivo colandro', 102021),
(10202118, 'Rosal vivo coral sea', 102021),
(10202119, 'Rosal vivo corvette o red corvette', 102021),
(10202120, 'Rosal vivo dark milva', 102021),
(10202121, 'Rosal vivo donna', 102021),
(10202122, 'Rosal vivo dreamer', 102021),
(10202123, 'Rosal vivo el dorado', 102021),
(10202124, 'Rosal vivo el toro', 102021),
(10202125, 'Rosal vivo elena', 102021),
(10202127, 'Rosal vivo euforia', 102021),
(10202129, 'Rosal vivo fancy amazon', 102021),
(10202130, 'Rosal vivo fiction', 102021),
(10202131, 'Rosal vivo finess', 102021),
(10202132, 'Rosal vivo flameco', 102021),
(10202133, 'Rosal vivo free spirit', 102021),
(10202134, 'Rosal vivo gelato', 102021),
(10202135, 'Rosal vivo gypsy curiosa', 102021),
(10202136, 'Rosal vivo high and magic', 102021),
(10202137, 'Rosal vivo high and orange magic', 102021),
(10202138, 'Rosal vivo iguana o alegra', 102021),
(10202139, 'Rosal vivo impulse', 102021),
(10202140, 'Rosal vivo indian femma', 102021),
(10202141, 'Rosal vivo indian sunset', 102021),
(10202142, 'Rosal vivo karusso', 102021),
(10202143, 'Rosal vivo kerio', 102021),
(10202144, 'Rosal vivo kiki', 102021),
(10202145, 'Rosal vivo latin circus', 102021),
(10202146, 'Rosal vivo leonisa', 102021),
(10202147, 'Rosal vivo lipstick', 102021),
(10202148, 'Rosal vivo lobita', 102021),
(10202149, 'Rosal vivo luca', 102021),
(10202150, 'Rosal vivo manitou', 102021),
(10202151, 'Rosal vivo mariana', 102021),
(10202152, 'Rosal vivo marjan o pk sensation', 102021),
(10202153, 'Rosal vivo milonga', 102021),
(10202154, 'Rosal vivo milva', 102021),
(10202155, 'Rosal vivo miracle', 102021),
(10202156, 'Rosal vivo mirage', 102021),
(10202157, 'Rosal vivo monte carlo', 102021),
(10202158, 'Rosal vivo movie star', 102021),
(10202159, 'Rosal vivo nikita', 102021),
(10202160, 'Rosal vivo orange flame', 102021),
(10202161, 'Rosal vivo orange france', 102021),
(10202162, 'Rosal vivo orange intuition', 102021),
(10202163, 'Rosal vivo orange unique', 102021),
(10202164, 'Rosal vivo orangine u orangina', 102021),
(10202165, 'Rosal vivo papaya', 102021),
(10202166, 'Rosal vivo pareo', 102021),
(10202167, 'Rosal vivo peach sherbet', 102021),
(10202168, 'Rosal vivo queensday', 102021),
(10202169, 'Rosal vivo rosselle', 102021),
(10202170, 'Rosal vivo royal circus', 102021),
(10202171, 'Rosal vivo sari', 102021),
(10202172, 'Rosal vivo sensual', 102021),
(10202173, 'Rosal vivo soap', 102021),
(10202174, 'Rosal vivo sombrero', 102021),
(10202175, 'Rosal vivo spicy', 102021),
(10202176, 'Rosal vivo star 2000', 102021),
(10202177, 'Rosal vivo summer versilia ', 102021),
(10202178, 'Rosal vivo trixx', 102021),
(10202179, 'Rosal vivo tropical amazon', 102021),
(10202180, 'Rosal vivo utopia', 102021),
(10202181, 'Rosal vivo valentine', 102021),
(10202182, 'Rosal vivo verano', 102021),
(10202183, 'Rosal vivo versilia', 102021),
(10202184, 'Rosal vivo voodoo', 102021),
(10202185, 'Rosal vivo wow', 102021),
(10202186, 'Rosal vivo yabadabadoo', 102021),
(10202201, 'Rosal vivo alejandra', 102022),
(10202202, 'Rosal vivo azafran', 102022),
(10202203, 'Rosal vivo big fun', 102022),
(10202204, 'Rosal vivo cabaret', 102022),
(10202205, 'Rosal vivo capuccino', 102022),
(10202206, 'Rosal vivo carpe diem', 102022),
(10202207, 'Rosal vivo cosima', 102022),
(10202208, 'Rosal vivo cumbia', 102022),
(10202209, 'Rosal vivo dream', 102022),
(10202210, 'Rosal vivo epoca', 102022),
(10202211, 'Rosal vivo fado', 102022),
(10202212, 'Rosal vivo femma', 102022),
(10202213, 'Rosal vivo guajira', 102022),
(10202214, 'Rosal vivo high and arena', 102022),
(10202215, 'Rosal vivo high and dandy', 102022),
(10202216, 'Rosal vivo high and lucky', 102022),
(10202217, 'Rosal vivo high and peach', 102022),
(10202218, 'Rosal vivo imagination', 102022),
(10202219, 'Rosal vivo isis', 102022),
(10202220, 'Rosal vivo joy o light versilia', 102022),
(10202221, 'Rosal vivo juliet ausjameson', 102022),
(10202222, 'Rosal vivo la parisienne ', 102022),
(10202223, 'Rosal vivo la perla', 102022),
(10202224, 'Rosal vivo lovita sunblaze', 102022),
(10202225, 'Rosal vivo malilena o marilena', 102022),
(10202226, 'Rosal vivo monyna', 102022),
(10202227, 'Rosal vivo nectarine', 102022),
(10202228, 'Rosal vivo oriental curiosa', 102022),
(10202229, 'Rosal vivo osiana', 102022),
(10202230, 'Rosal vivo peach avalanche', 102022),
(10202231, 'Rosal vivo peach deja vu', 102022),
(10202232, 'Rosal vivo picanto', 102022),
(10202233, 'Rosal vivo prima donna', 102022),
(10202234, 'Rosal vivo sheril', 102022),
(10202235, 'Rosal vivo sirocco', 102022),
(10202236, 'Rosal vivo tamara', 102022),
(10202237, 'Rosal vivo taxo', 102022),
(10202238, 'Rosal vivo trust', 102022),
(10202239, 'Rosal vivo valencia', 102022),
(10202240, 'Rosal vivo vinci', 102022),
(10202241, 'Rosal vivo wanda', 102022),
(10202301, 'Rosal vivo aerobic', 102023),
(10202302, 'Rosal vivo after party', 102023),
(10202303, 'Rosal vivo amsterdam', 102023),
(10202304, 'Rosal vivo aqua rose', 102023),
(10202305, 'Rosal vivo attache', 102023),
(10202306, 'Rosal vivo attitude', 102023),
(10202307, 'Rosal vivo ballet', 102023),
(10202308, 'Rosal vivo belami', 102023),
(10202309, 'Rosal vivo bella voo o belle vue', 102023),
(10202310, 'Rosal vivo bling bling', 102023),
(10202311, 'Rosal vivo blushing akito', 102023),
(10202312, 'Rosal vivo brooke', 102023),
(10202313, 'Rosal vivo bugatti', 102023),
(10202314, 'Rosal vivo cadillac', 102023),
(10202315, 'Rosal vivo carnaval', 102023),
(10202316, 'Rosal vivo cereza', 102023),
(10202317, 'Rosal vivo charming unique', 102023),
(10202318, 'Rosal vivo cherry o', 102023),
(10202319, 'Rosal vivo ciciolina', 102023),
(10202320, 'Rosal vivo classic cezanne', 102023),
(10202321, 'Rosal vivo clasic duett', 102023),
(10202322, 'Rosal vivo cosmiq', 102023),
(10202323, 'Rosal vivo dark engagement', 102023),
(10202324, 'Rosal vivo daytona', 102023),
(10202325, 'Rosal vivo dekora', 102023),
(10202326, 'Rosal vivo dolores', 102023),
(10202327, 'Rosal vivo eliza', 102023),
(10202328, 'Rosal vivo flash baccara', 102023),
(10202329, 'Rosal vivo full house', 102023),
(10202330, 'Rosal vivo funky', 102023),
(10202331, 'Rosal vivo giliane', 102023),
(10202332, 'Rosal vivo gran europe', 102023),
(10202333, 'Rosal vivo habari', 102023),
(10202334, 'Rosal vivo hanseat', 102023),
(10202335, 'Rosal vivo high and amazing', 102023),
(10202336, 'Rosal vivo high and bonita', 102023),
(10202337, 'Rosal vivo high and booming', 102023),
(10202338, 'Rosal vivo high and fantasy', 102023),
(10202339, 'Rosal vivo high and rich', 102023),
(10202340, 'Rosal vivo hot lady', 102023),
(10202341, 'Rosal vivo hot princess', 102023),
(10202342, 'Rosal vivo inspiration', 102023),
(10202343, 'Rosal vivo jeimy', 102023),
(10202344, 'Rosal vivo kachita', 102023),
(10202345, 'Rosal vivo karen', 102023),
(10202346, 'Rosal vivo kenji', 102023),
(10202347, 'Rosal vivo kiko', 102023),
(10202348, 'Rosal vivo laser', 102023),
(10202349, 'Rosal vivo latin duett', 102023),
(10202350, 'Rosal vivo latin fever', 102023),
(10202351, 'Rosal vivo lifestyle', 102023),
(10202352, 'Rosal vivo light orlando', 102023),
(10202353, 'Rosal vivo lovely dreams', 102023),
(10202354, 'Rosal vivo loyalty', 102023),
(10202355, 'Rosal vivo malibu', 102023),
(10202356, 'Rosal vivo mata-hari', 102023),
(10202357, 'Rosal vivo memphis', 102023),
(10202358, 'Rosal vivo mi amor', 102023),
(10202359, 'Rosal vivo miami', 102023),
(10202360, 'Rosal vivo michelle', 102023),
(10202361, 'Rosal vivo mikaela', 102023),
(10202362, 'Rosal vivo orchestra', 102023),
(10202363, 'Rosal vivo orlando', 102023),
(10202364, 'Rosal vivo osadia', 102023),
(10202365, 'Rosal vivo paeonia freelander', 102023),
(10202366, 'Rosal vivo paula', 102023),
(10202367, 'Rosal vivo pavarotti', 102023),
(10202368, 'Rosal vivo pink intuition', 102023),
(10202369, 'Rosal vivo poison', 102023),
(10202370, 'Rosal vivo princess', 102023),
(10202371, 'Rosal vivo queen mary', 102023),
(10202372, 'Rosal vivo raphaela', 102023),
(10202373, 'Rosal vivo raspberry ice', 102023),
(10202374, 'Rosal vivo ravel', 102023),
(10202375, 'Rosal vivo riviera', 102023),
(10202376, 'Rosal vivo sade', 102023),
(10202377, 'Rosal vivo sashimi', 102023),
(10202378, 'Rosal vivo shanya', 102023),
(10202379, 'Rosal vivo shocking versilia', 102023),
(10202380, 'Rosal vivo solitaire', 102023),
(10202381, 'Rosal vivo something different', 102023),
(10202382, 'Rosal vivo splendid renate', 102023),
(10202383, 'Rosal vivo star', 102023),
(10202384, 'Rosal vivo sweet candia', 102023),
(10202385, 'Rosal vivo sweet moments', 102023),
(10202386, 'Rosal vivo sweet unique', 102023),
(10202387, 'Rosal vivo taboo', 102023),
(10202388, 'Rosal vivo timona', 102023),
(10202389, 'Rosal vivo topaz', 102023),
(10202390, 'Rosal vivo vogue', 102023),
(10202391, 'Rosal vivo voila', 102023),
(10202392, 'Rosal vivo wild one', 102023),
(10202393, 'Rosal vivo yves piaget', 102023),
(10202401, 'Rosal vivo african dawn', 102024),
(10202402, 'Rosal vivo amada', 102024),
(10202403, 'Rosal vivo black baccara', 102024),
(10202404, 'Rosal vivo black beauty', 102024),
(10202405, 'Rosal vivo black finess o black magic', 102024),
(10202406, 'Rosal vivo black magic', 102024),
(10202407, 'Rosal vivo bohemian o pasarela', 102024),
(10202408, 'Rosal vivo breathless', 102024),
(10202409, 'Rosal vivo caballero', 102024),
(10202410, 'Rosal vivo carrera', 102024),
(10202411, 'Rosal vivo charlene', 102024),
(10202412, 'Rosal vivo charlotte', 102024),
(10202413, 'Rosal vivo cherry lady', 102024),
(10202414, 'Rosal vivo cherry love', 102024),
(10202415, 'Rosal vivo classy rose', 102024),
(10202416, 'Rosal vivo colorado velvet', 102024),
(10202417, 'Rosal vivo corazon', 102024),
(10202418, 'Rosal vivo corrida', 102024),
(10202419, 'Rosal vivo dynamite', 102024),
(10202420, 'Rosal vivo eurored', 102024),
(10202421, 'Rosal vivo fashion', 102024),
(10202422, 'Rosal vivo fire and ice', 102024),
(10202423, 'Rosal vivo first red', 102024),
(10202424, 'Rosal vivo forever young', 102024),
(10202425, 'Rosal vivo freedom', 102024),
(10202426, 'Rosal vivo freestyle', 102024),
(10202427, 'Rosal vivo friendship', 102024),
(10202428, 'Rosal vivo gospel', 102024),
(10202429, 'Rosal vivo graffity', 102024),
(10202430, 'Rosal vivo grand gala', 102024),
(10202431, 'Rosal vivo grand prix', 102024),
(10202432, 'Rosal vivo grand classe', 102024),
(10202433, 'Rosal vivo hearts', 102024),
(10202434, 'Rosal vivo heat', 102024),
(10202435, 'Rosal vivo hocus pocus', 102024),
(10202436, 'Rosal vivo lady in red', 102024),
(10202437, 'Rosal vivo latin lady', 102024),
(10202438, 'Rosal vivo legend', 102024),
(10202439, 'Rosal vivo lulu', 102024),
(10202440, 'Rosal vivo luna rossa', 102024),
(10202441, 'Rosal vivo luxor', 102024),
(10202442, 'Rosal vivo madame delbard o carola', 102024),
(10202443, 'Rosal vivo miss paris', 102024),
(10202444, 'Rosal vivo nicole', 102024),
(10202445, 'Rosal vivo night fever', 102024),
(10202446, 'Rosal vivo obsession', 102024),
(10202447, 'Rosal vivo opium', 102024),
(10202448, 'Rosal vivo paz', 102024),
(10202449, 'Rosal vivo preference', 102024),
(10202450, 'Rosal vivo red berlin', 102024),
(10202451, 'Rosal vivo red bull', 102024),
(10202452, 'Rosal vivo red calypso', 102024),
(10202453, 'Rosal vivo red diamond', 102024),
(10202454, 'Rosal vivo red fantasy ', 102024),
(10202455, 'Rosal vivo red france', 102024),
(10202456, 'Rosal vivo red intuition ', 102024),
(10202457, 'Rosal vivo red jewel', 102024),
(10202458, 'Rosal vivo red magic', 102024),
(10202459, 'Rosal vivo red one', 102024),
(10202460, 'Rosal vivo red paris', 102024),
(10202461, 'Rosal vivo red princess', 102024),
(10202462, 'Rosal vivo red sensation o colorad', 102024),
(10202463, 'Rosal vivo red unique', 102024),
(10202464, 'Rosal vivo rockefeller', 102024),
(10202465, 'Rosal vivo romeo', 102024),
(10202466, 'Rosal vivo rouge baiser', 102024),
(10202467, 'Rosal vivo roulette', 102024),
(10202468, 'Rosal vivo royal massai', 102024),
(10202469, 'Rosal vivo royal red', 102024),
(10202470, 'Rosal vivo samurai', 102024),
(10202471, 'Rosal vivo sexy red', 102024),
(10202472, 'Rosal vivo starfire', 102024),
(10202473, 'Rosal vivo tango', 102024),
(10202474, 'Rosal vivo tiger tail', 102024),
(10202475, 'Rosal vivo tinto', 102024),
(10202476, 'Rosal vivo top secret', 102024),
(10202477, 'Rosal vivo vital', 102024),
(10202478, 'Rosal vivo wisdom', 102024),
(10202479, 'Rosal vivo xantia', 102024),
(10202480, 'Rosal vivo xcite', 102024),
(10202501, 'Rosal vivo burgundy sweetheart', 102025),
(10202502, 'Rosal vivo cream sweetheart', 102025),
(10202503, 'Rosal vivo hot pink sweetheart', 102025),
(10202504, 'Rosal vivo lavender sweetheart', 102025),
(10202505, 'Rosal vivo light pink sweetheart', 102025),
(10202506, 'Rosal vivo orange sweetheart', 102025),
(10202507, 'Rosal vivo peach sweetheart', 102025),
(10202508, 'Rosal vivo red sweetheart', 102025),
(10202509, 'Rosal vivo white sweetheart', 102025),
(10202510, 'Rosal vivo yelllow sweetheart', 102025),
(10202601, 'Rosal vivo absolut', 102026),
(10202602, 'Rosal vivo aida', 102026),
(10202603, 'Rosal vivo akito', 102026),
(10202604, 'Rosal vivo amelia', 102026),
(10202605, 'Rosal vivo anastasia', 102026),
(10202606, 'Rosal vivo andean crystal', 102026),
(10202607, 'Rosal vivo angel', 102026),
(10202608, 'Rosal vivo annemarie', 102026),
(10202609, 'Rosal vivo avalanche', 102026),
(10202610, 'Rosal vivo bianca', 102026),
(10202611, 'Rosal vivo blizzard', 102026),
(10202612, 'Rosal vivo bridal akito', 102026),
(10202613, 'Rosal vivo domenica', 102026),
(10202614, 'Rosal vivo escimo', 102026),
(10202615, 'Rosal vivo farfalla', 102026),
(10202616, 'Rosal vivo high and peace', 102026),
(10202617, 'Rosal vivo high and pure', 102026),
(10202618, 'Rosal vivo inocencia o innocenti', 102026),
(10202619, 'Rosal vivo ivory', 102026),
(10202620, 'Rosal vivo mondial', 102026),
(10202621, 'Rosal vivo mount everest', 102026),
(10202622, 'Rosal vivo nova zembla', 102026),
(10202623, 'Rosal vivo patience o auspator', 102026),
(10202624, 'Rosal vivo polar star', 102026),
(10202625, 'Rosal vivo polo', 102026),
(10202626, 'Rosal vivo proud', 102026),
(10202627, 'Rosal vivo snowy jewel', 102026),
(10202628, 'Rosal vivo tibet', 102026),
(10202629, 'Rosal vivo tineke', 102026),
(10202630, 'Rosal vivo vitality', 102026),
(10202631, 'Rosal vivo white cadillac', 102026),
(10202632, 'Rosal vivo white dove', 102026),
(10202701, 'Rosal vivo aalsmeer gold', 102027),
(10202702, 'Rosal vivo alina', 102027),
(10202703, 'Rosal vivo ambiance', 102027),
(10202704, 'Rosal vivo aquarel', 102027),
(10202705, 'Rosal vivo autumn', 102027),
(10202706, 'Rosal vivo brasil', 102027),
(10202707, 'Rosal vivo candle light', 102027),
(10202708, 'Rosal vivo cantata o cantate', 102027),
(10202709, 'Rosal vivo capriccio', 102027),
(10202710, 'Rosal vivo caribbean', 102027),
(10202711, 'Rosal vivo circus', 102027),
(10202712, 'Rosal vivo citran', 102027),
(10202713, 'Rosal vivo concorde', 102027),
(10202714, 'Rosal vivo conga', 102027),
(10202715, 'Rosal vivo deja vu', 102027),
(10202716, 'Rosal vivo desire', 102027),
(10202717, 'Rosal vivo donia sol', 102027),
(10202718, 'Rosal vivo dueto', 102027),
(10202719, 'Rosal vivo erin', 102027),
(10202720, 'Rosal vivo exotic curiosa', 102027),
(10202721, 'Rosal vivo feria', 102027),
(10202722, 'Rosal vivo fire bird', 102027),
(10202723, 'Rosal vivo florida', 102027),
(10202724, 'Rosal vivo friendly', 102027),
(10202725, 'Rosal vivo gallinda', 102027),
(10202726, 'Rosal vivo geisha', 102027),
(10202727, 'Rosal vivo gelbe', 102027),
(10202728, 'Rosal vivo gelosia o yellow flame', 102027),
(10202729, 'Rosal vivo gold rush', 102027),
(10202730, 'Rosal vivo gold star', 102027),
(10202731, 'Rosal vivo gold strike', 102027),
(10202732, 'Rosal vivo golda', 102027),
(10202733, 'Rosal vivo golden fashion', 102027),
(10202734, 'Rosal vivo golden gate', 102027),
(10202735, 'Rosal vivo gran dorado', 102027),
(10202736, 'Rosal vivo helio', 102027),
(10202737, 'Rosal vivo high and exotic', 102027),
(10202738, 'Rosal vivo high and yellow flame', 102027),
(10202739, 'Rosal vivo high and yellow magic', 102027),
(10202740, 'Rosal vivo high society', 102027);

-- --------------------------------------------------------

--
-- Estructura de tabla para la tabla `product_classes`
--

CREATE TABLE `product_classes` (
  `class_id` bigint(20) UNSIGNED NOT NULL,
  `name` varchar(255) COLLATE utf8mb4_unicode_ci NOT NULL
) ENGINE=InnoDB DEFAULT CHARSET=utf8mb4 COLLATE=utf8mb4_unicode_ci;

--
-- Volcado de datos para la tabla `product_classes`
--

INSERT INTO `product_classes` (`class_id`, `name`) VALUES
(101015, 'Animales de granja'),
(101017, 'Peces'),
(101019, 'Insectos'),
(101020, 'Animales salvajes'),
(101215, 'Pienso para ganado'),
(101217, 'Alimento para peces'),
(101218, 'Alimento para perros y gatos'),
(101219, 'Alimento para roedores'),
(101220, 'Alimento para reptiles'),
(101221, 'Comida para animales variados'),
(101315, 'Cobertizos para animales'),
(101316, 'Recipientes para animales'),
(101416, 'Arneses'),
(101516, 'Semillas de cereales'),
(101521, 'Residuos que no sean de piensos'),
(101522, 'Semillas de cultivos fibrosos y semilleros'),
(101616, 'Plantas florales'),
(101618, 'Plantas sin flor'),
(101619, 'Productos florales secos'),
(101717, 'Herbicidas'),
(101718, 'Acondicionadores de suelos'),
(101915, 'Pesticidas o repelentes de plagas'),
(101917, 'Dispositivos para control de plagas'),
(102017, 'Rosales vivos crema'),
(102018, 'Rosales vivos verdes o lima'),
(102019, 'Rosales vivos rosado claro'),
(102020, 'Rosales vivos multicolor rosados'),
(102021, 'Rosales vivos anaranjados'),
(102022, 'Rosales vivos durazno'),
(102023, 'Rosales vivos rosados'),
(102024, 'Rosales vivos rojos o burgundy'),
(102025, 'Rosales vivos sweetheart'),
(102026, 'Rosales vivos blancos'),
(102027, 'Rosales vivos amarillos'),
(102028, 'Rosales vivos spray'),
(102115, 'Anturios vivos'),
(102116, 'Allium vivo'),
(102117, 'Astromelia viva'),
(102118, 'Amaranto vivo'),
(102119, 'Amaryllis vivo'),
(102121, 'Asclepia viva'),
(102122, 'Aster viva'),
(102123, 'Berzelia viva'),
(102124, 'Bouvaria viva'),
(102125, 'Brodiaea viva'),
(102126, 'Calla viva'),
(102128, 'Celosia viva'),
(102129, 'Narciso vivo'),
(102130, 'Dalia viva'),
(102131, 'Delphinium vivo'),
(102132, 'Clavel (dianthus) vivo'),
(102133, 'Eremruses vivas'),
(102134, 'Brezo (erica) viva'),
(102135, 'Euphorbia viva'),
(102136, 'Fresia viva'),
(102137, 'Ajedrezada viva'),
(102138, 'Hiniesta viva'),
(102139, 'Margarita viva'),
(102140, 'Jengibre vivo'),
(102141, 'Gladiolo vivo'),
(102142, 'Godetia viva'),
(102143, 'Bromelia viva'),
(102144, 'Gypsophilia viva '),
(102145, 'Brezo vivo'),
(102146, 'Heliconia viva'),
(102147, 'Jacinto vivo'),
(102148, 'Hydrangea viva'),
(102149, 'Iris Viva'),
(102150, 'Pata de canguro viva '),
(102151, 'Delfinio vivo'),
(102152, 'Lepto vivo'),
(102153, 'Lila viva'),
(102154, 'Azucena viva '),
(102155, 'Lavanda viva'),
(102156, 'Lisianthus vivo '),
(102157, 'Muscari viva '),
(102158, 'Narciso vivo'),
(102160, 'Pimientos ornamentales vivos'),
(102162, 'Peonia viva'),
(102163, 'Banksia viva'),
(102165, 'Escabiosa viva'),
(102166, 'Retama de escobas viva '),
(102168, 'Romero del pantano viva '),
(102169, 'Matiola viva'),
(102170, 'Girasol viva'),
(102171, 'Guisante de olor vivo'),
(102172, 'Cardo vivo'),
(102174, 'Flor de cera viva'),
(102175, 'Hierba de aquiles viva '),
(102176, 'Zinnia viva '),
(102177, 'Forsythia viva '),
(102178, 'Geranio vivo'),
(102179, 'Amaryllis viva '),
(102180, 'Rubdeckia viva '),
(102181, 'Protea viva'),
(102182, 'leucadendron vivo '),
(102183, 'leucospermum vivo '),
(102215, 'Agapanto vivo'),
(102216, 'Alchimilla viva '),
(102217, 'Astilbe vivo '),
(102219, 'ajenjo vivo '),
(102220, 'Flor de alcachofa viva '),
(102221, 'Astrantia viva'),
(102222, 'Flor de banano viva '),
(102223, 'Baptisia viva'),
(102224, 'Boronia viva '),
(102225, 'Bromelia viva'),
(102226, 'Brunia viva'),
(102227, 'Catalea viva'),
(102228, 'Calcynia viva'),
(102230, 'Campanilla viva'),
(102231, 'Cestrum vivo'),
(102232, 'Chasmante viva'),
(102233, 'Costus viva'),
(102235, 'Lirio del Fuego vivo'),
(102236, 'Flor del muelle viva '),
(102237, 'Planta erizo viva'),
(102238, 'Manzanilla viva'),
(102239, 'Nomeolvides viva'),
(102240, 'Gallardia viva'),
(102241, 'Genciana viva'),
(102242, 'Gladiolo vivo'),
(102243, 'Gloriosa viva'),
(102244, 'Violeta silvestre viva '),
(102246, 'Ixia viva '),
(102247, 'Liatrises vivas'),
(102248, 'Lysimachia viva'),
(102249, 'Maraca viva'),
(102251, 'Mimosa viva'),
(102252, 'Nerina viva'),
(102253, 'Flor de nogal viva'),
(102254, 'Phlox viva'),
(102255, 'physostegia viva'),
(102256, 'Saponaria viva'),
(102257, 'Sarracenias vivas'),
(102258, 'Sicilia viva'),
(102259, 'Sedum viva'),
(102260, 'Especies individuales o variedades de flores vivas'),
(102262, 'Tanaceto vivo'),
(102263, 'Traquelio vivo'),
(102264, 'Tuberosas vivas'),
(102265, 'Tweedias vivas'),
(102267, 'Watsonias vivas'),
(102317, 'Crisantemo vivo espollado cremon '),
(102318, 'Crisantemo vivo espollado football'),
(102319, 'Crisantemo spider vivo '),
(102320, 'Crisantemo vivo  novelty'),
(102321, 'Crisantemo vivo santini'),
(102416, 'Clavel vivo mini o spray'),
(102515, 'Orquidea cypripedium  o pantuflas de dama viva'),
(103017, 'Rosas cortadas frescas crema'),
(103018, 'Rosas cortadas frescas verdes o lima'),
(103019, 'Rosas cortadas frescas rosado claro'),
(103020, 'Rosas cortadas frescas multicolor rosados'),
(103021, 'Rosas cortadas frescas anaranjados'),
(103022, 'Rosas cortadas frescas durazno'),
(103023, 'Rosas cortadas frescas rosados'),
(103024, 'Rosas cortadas frescas rojos o burgundy'),
(103025, 'Rosas cortadas frescas sweetheart'),
(103026, 'Rosas cortadas frescas blancos'),
(103027, 'Rosas cortadas frescas amarillos'),
(103028, 'Rosas cortadas frescas spray'),
(103115, 'Anturios cortados frescos'),
(103116, 'Allium cortado fresco'),
(103117, 'Astromelia cortada fresca'),
(103118, 'Amaranto cortado fresco'),
(103119, 'Amaryllis cortado fresco'),
(103121, 'Asclepia cortada fresca'),
(103122, 'Aster cortada fresca'),
(103123, 'Berzelia cortada fresca'),
(103124, 'Bouvaria cortada fresca'),
(103125, 'Brodiaea cortada fresca'),
(103126, 'Calla cortada fresca'),
(103128, 'Celosia cortada fresca'),
(103129, 'Narciso cortado fresco'),
(103130, 'Dalia cortada fresca'),
(103131, 'Delphinium cortado fresco'),
(103132, 'Clavel (dianthus) cortado fresco'),
(103133, 'Eremruses cortadas frescas'),
(103134, 'Brezo (erica) cortada fresca'),
(103135, 'Euphorbia cortada fresca'),
(103136, 'Fresia cortada fresca'),
(103137, 'Ajedrezada cortada fresca'),
(103138, 'Hiniesta cortada fresca'),
(103139, 'Margarita cortada fresca'),
(103140, 'Jengibre cortado fresco'),
(103141, 'Gladiolo cortado fresco'),
(103142, 'Godetia cortada fresca'),
(103143, 'Bromelia cortada fresca'),
(103144, 'Gypsophilia cortada fresca '),
(103145, 'Brezo cortado fresco'),
(103146, 'Heliconia cortada fresca'),
(103147, 'Jacinto cortado fresco'),
(103148, 'Hydrangea cortada fresca'),
(103149, 'Iris cortada fresca'),
(103150, 'Pata de canguro cortada fresca '),
(103151, 'Delfinio cortado fresco'),
(103152, 'Lepto cortado fresco'),
(103153, 'Lila cortada fresca'),
(103154, 'Azucena cortada fresca '),
(103155, 'Lavanda cortada fresca'),
(103156, 'Lisianthus cortado fresco '),
(103157, 'Muscari cortada fresca '),
(103158, 'Narciso cortado fresco'),
(103160, 'Pimientos ornamentales cortados frescos'),
(103162, 'Peonia cortada fresca'),
(103163, 'Banksia cortada fresca'),
(103165, 'Escabiosa cortada fresca'),
(103166, 'Retama de escobas cortada fresca '),
(103168, 'Romero del pantano cortada fresca '),
(103169, 'Matiola cortada fresca'),
(103170, 'Girasol cortada fresca'),
(103171, 'Guisante de olor cortado fresco'),
(103172, 'Cardo cortado fresco'),
(103174, 'Flor de cera cortada fresca'),
(103175, 'Hierba de aquiles cortada fresca '),
(103176, 'Zinia cortada fresca '),
(103177, 'Forsythia cortada fresca '),
(103178, 'Geranio cortado fresco'),
(103179, 'Amaryllis cortada fresca '),
(103180, 'Rubdeckia cortada fresca '),
(103181, 'Protea cortada fresca'),
(103182, 'leucadendron cortado fresco '),
(103183, 'leucospermum cortado fresco '),
(103215, 'Agapanto cortado fresco'),
(103216, 'Alchimilla cortada fresca '),
(103217, 'Astilbe cortado fresco '),
(103219, 'ajenjo cortado fresco '),
(103220, 'Flor de alcachofa cortada fresca '),
(103221, 'Astrantia cortada fresca'),
(103222, 'Flor de banano cortada fresca '),
(103223, 'Baptisia cortada fresca'),
(103224, 'Boronia cortada fresca '),
(103225, 'Bromelia cortada fresca'),
(103226, 'Brunia cortada fresca'),
(103227, 'Catalea cortada fresca'),
(103228, 'Calcynia cortada fresca'),
(103230, 'Campanilla cortada fresca'),
(103231, 'Cestrum cortado fresco'),
(103232, 'Chasmante cortada fresca'),
(103233, 'Costus cortada fresca'),
(103235, 'Lirio del Fuego cortado fresco'),
(103236, 'Flor del muelle cortada fresca '),
(103237, 'Planta erizo cortada fresca'),
(103238, 'Manzanilla cortada fresca'),
(103239, 'Nomeolvides cortada fresca'),
(103240, 'Gallardia cortada fresca'),
(103241, 'Genciana cortada fresca'),
(103242, 'Gladiolo cortado fresco'),
(103243, 'Gloriosa cortada fresca'),
(103244, 'Violeta silvestre cortada fresca '),
(103246, 'Ixia cortada fresca '),
(103247, 'Liatrises cortadas frescas'),
(103248, 'Lysimachia cortada fresca'),
(103249, 'Maraca cortada fresca'),
(103251, 'Mimosa cortada fresca'),
(103252, 'Nerina cortada fresca'),
(103253, 'Flor de nogal cortada fresca'),
(103254, 'Phlox cortada fresca'),
(103255, 'physostegia cortada fresca'),
(103256, 'Saponaria cortada fresca'),
(103257, 'Sarracenias cortadas frescas'),
(103258, 'Sicilia cortada fresca'),
(103259, 'Sedum cortada fresca'),
(103260, 'Especies individuales o variedades de flores cortadas frescas'),
(103262, 'Tanaceto cortado fresco'),
(103263, 'Traquelio cortado fresco'),
(103264, 'Tuberosas cortadas frescas'),
(103265, 'Tweedias cortadas frescas'),
(103267, 'Watsonias cortadas frescas'),
(103317, 'Crisantemo cortado fresco espollado cremon '),
(103318, 'Crisantemo cortado fresco espollado football'),
(103319, 'Crisantemo spider cortado fresco '),
(103320, 'Crisantemo cortado fresco  novelty'),
(103321, 'Crisantemo cortado fresco santini'),
(103415, 'Bouquet cortado fresco de rosa'),
(103416, 'Bouquet cortado fresco de clavel '),
(103417, 'Bouquet cortado fresco de mini clavel '),
(103418, 'Bouquet cortado fresco de lirio '),
(103420, 'Bouquet cortado fresco de astromelia '),
(103421, 'Bouquet cortado fresco de flores tropicales'),
(103422, 'Bouquet cortado fresco floral mixto'),
(103516, 'Bouquet cortado fresco de clavel min o spray'),
(103615, 'Orquidea cypripedium  o pantuflas de dama cortada fresca'),
(104017, 'Rosas cortadas secas crema'),
(104018, 'Rosas cortadas secas verdes o lima'),
(104019, 'Rosas cortadas secas rosado claro'),
(104020, 'Rosas cortadas secas multicolor rosados'),
(104021, 'Rosas cortadas secas anaranjados'),
(104022, 'Rosas cortadas secas durazno'),
(104023, 'Rosas cortadas secas rosados'),
(104024, 'Rosas cortadas secas rojos o burgundy'),
(104025, 'Rosas cortadas secas sweetheart'),
(104026, 'Rosas cortadas secas blancos'),
(104027, 'Rosas cortadas secas amarillos'),
(104028, 'Rosas cortadas secas spray'),
(104115, 'Anturios cortado secos'),
(104116, 'Allium cortado seco'),
(104117, 'Astromelia cortada seca'),
(104118, 'Amaranto cortado seco'),
(104119, 'Amaryllis cortado seco'),
(104121, 'Asclepia cortada seca'),
(104122, 'Aster cortada seca'),
(104123, 'Berzelia cortada seca'),
(104124, 'Bouvaria cortada seca'),
(104125, 'Brodiaea cortada seca'),
(104126, 'Calla cortada seca'),
(104128, 'Celosia cortada seca'),
(104129, 'Narciso cortado seco'),
(104130, 'Dalia cortada seca'),
(104131, 'Delphinium cortado seco'),
(104132, 'Clavel (dianthus) cortado seco'),
(104133, 'Eremruses cortadas secas'),
(104134, 'Brezo (erica) cortada seca'),
(104135, 'Euphorbia cortada seca'),
(104136, 'Fresia cortada seca'),
(104137, 'Ajedrezada cortada seca'),
(104138, 'Hiniesta cortada seca'),
(104139, 'Margarita cortada seca'),
(104140, 'Jengibre cortado seco'),
(104141, 'Gladiolo cortado seco'),
(104142, 'Godetia cortada seca'),
(104143, 'Bromelia cortada seca'),
(104144, 'Gypsophilia cortada seca '),
(104145, 'Brezo cortado seco'),
(104146, 'Heliconia cortada seca'),
(104147, 'Jacinto cortado seco'),
(104148, 'Hydrangea cortada seca'),
(104149, 'Iris cortada seca'),
(104150, 'Pata de canguro cortada seca '),
(104151, 'Delfinio cortado seco'),
(104152, 'Lepto cortado seco'),
(104153, 'Lila cortada seca'),
(104154, 'Azucena cortada seca '),
(104155, 'Lavanda cortada seca'),
(104156, 'Lisianthus cortado seco '),
(104157, 'Muscari cortada seca '),
(104158, 'Narciso cortado seco'),
(104160, 'Pimientos ornamentales cortado secos'),
(104162, 'Peonia cortada seca'),
(104163, 'Banksia cortada seca'),
(104165, 'Escabiosa cortada seca'),
(104166, 'Retama de escobas cortada seca '),
(104168, 'Romero del pantano cortada seca '),
(104169, 'Matiola cortada seca'),
(104170, 'Girasol cortada seca'),
(104171, 'Guisante de olor cortado seco'),
(104172, 'Cardo cortado seco'),
(104174, 'Flor de cera cortada seca'),
(104175, 'Hierba de aquiles cortada seca '),
(104176, 'Zinia cortada seca '),
(104177, 'Forsythia cortada seca '),
(104178, 'Geranio cortado seco'),
(104179, 'Amaryllis cortada seca '),
(104180, 'Rubdeckia cortada seca '),
(104181, 'Protea cortada seca'),
(104182, 'leucadendron cortado seco '),
(104183, 'leucospermum cortado seco '),
(104215, 'Agapanto cortado seco'),
(104216, 'Alchimilla cortada seca '),
(104217, 'Astilbe cortado seco '),
(104219, 'ajenjo cortado seco '),
(104220, 'Flor de alcachofa cortada seca '),
(104221, 'Astrantia cortada seca'),
(104222, 'Flor de banano cortada seca '),
(104223, 'Baptisia cortada seca'),
(104224, 'Boronia cortada seca '),
(104225, 'Bromelia cortada seca'),
(104226, 'Brunia cortada seca'),
(104227, 'Catalea cortada seca'),
(104228, 'Calcynia cortada seca'),
(104230, 'Campanilla cortada seca'),
(104231, 'Cestrum cortado seco'),
(104232, 'Chasmante cortada seca'),
(104233, 'Costus cortada seca'),
(104235, 'Lirio del Fuego cortado seco'),
(104236, 'Flor del muelle cortada seca '),
(104237, 'Planta erizo cortada seca'),
(104238, 'Manzanilla cortada seca'),
(104239, 'Nomeolvides cortada seca'),
(104240, 'Gallardia cortada seca'),
(104241, 'Genciana cortada seca'),
(104242, 'Gladiolo cortado seco'),
(104243, 'Gloriosa cortada seca'),
(104244, 'Violeta silvestre cortada seca '),
(104246, 'Ixia cortada seca '),
(104247, 'Liatrises cortadas secas'),
(104248, 'Lysimachia cortada seca'),
(104249, 'Maraca cortada seca'),
(104251, 'Mimosa cortada seca'),
(104252, 'Nerina cortada seca'),
(104253, 'Flor de nogal cortada seca'),
(104254, 'Phlox cortada seca'),
(104255, 'physostegia cortada seca'),
(104256, 'Saponaria cortada seca'),
(104257, 'Sarracenias cortadas secas'),
(104258, 'Sicilia cortada seca'),
(104259, 'Sedum cortada seca'),
(104260, 'Especies individuales o variedades de flores cortadas secas'),
(104262, 'Tanaceto cortado seco'),
(104263, 'Traquelio cortado seco'),
(104264, 'Tuberosas cortadas secas'),
(104265, 'Tweedias cortadas secas'),
(104267, 'Watsonias cortadas secas'),
(104317, 'Crisantemo cortado seco espollado cremon '),
(104318, 'Crisantemo cortado seco espollado football'),
(104319, 'Crisantemo spider cortado seco '),
(104320, 'Crisantemo cortado seco  novelty'),
(104321, 'Crisantemo cortado seco santini'),
(104416, 'Clavel cortado seco mini o spray'),
(104515, 'Orquidea cypripedium  o pantuflas de dama cortada seca'),
(105015, 'Aspidistras cortadas frescas  '),
(105016, 'Chili verde cortado fresco'),
(105017, 'Haya cortada fresca'),
(105018, 'Hojas de eucalipto cortadas prescas'),
(105019, 'Helechos cortados frescos'),
(105020, 'Hojas o follajes cortados frescos'),
(105021, 'Pastos costados frescos'),
(105022, 'mora huckleberry fresca cortada'),
(105023, 'Hiedra cortada fresca'),
(105024, 'Integrifolia cortada fresca'),
(105025, 'Mirto cortado fresco'),
(105026, 'Hojas frescas cortadas de roble'),
(105027, 'Oregonia fresca cortada '),
(105028, 'pittosporum fresco cortado '),
(105029, 'Hojas frescas cortadas de especies sencillas'),
(111015, 'Minerales'),
(111017, 'Metales de Base'),
(111018, 'Metales preciosos'),
(111019, 'Productos minerales intermedios, procesados y refinados'),
(111115, 'Barro y Tierra'),
(111116, 'Piedra'),
(111117, 'Arena'),
(111118, 'Arcillas'),
(111215, 'Savia'),
(111216, 'Madera'),
(111218, 'Fibras de plantas'),
(111315, 'Cuero, pieles o materiales textiles de animales'),
(111316, 'Otros productos de animales'),
(111417, 'Desperdicios o restos de alimentos y tabaco'),
(111515, 'Fibras'),
(111516, 'Hebras'),
(111517, 'Hilos'),
(111615, 'Tejidos de seda'),
(111616, 'Tejidos de lana'),
(111621, 'Tejidos o telas especiales'),
(111622, 'Telas no tejidas'),
(111623, 'Cueros'),
(111624, 'Guata'),
(111716, 'Aleaciones de acero inoxidable'),
(111719, 'Superaleaciones de titanio'),
(111720, 'Aleaciones de aluminio'),
(111721, 'Superaleaciones de cobalto'),
(111722, 'Aleaciones con base de magnesio'),
(111723, 'Aleaciones con base de manganeso'),
(111916, 'Chatarra'),
(111917, 'Virutas'),
(111918, 'Subproductos del metal'),
(121315, 'Explosivos'),
(121316, 'Pirotecnia'),
(121317, 'Encendedores'),
(121318, 'Propulsores'),
(121415, 'Metales de tierra'),
(121416, 'Metales de tierra rara'),
(121419, 'No-metales y gases elementales y puros'),
(121420, 'Gases nobles'),
(121421, 'Gases naturales y gases mixtos'),
(121615, 'Indicadores y reactivos'),
(121616, 'Catalizadores'),
(121617, 'Amortiguadores'),
(121618, 'Coloides'),
(121619, 'Surfactantes'),
(121620, 'Plastificantes'),
(121621, 'Retardadores de llama'),
(121622, 'Anti-oxidantes'),
(121626, 'Estabilizadores de arcilla'),
(121629, 'Agentes de control de parafina asfaltenos'),
(121630, 'Mezclas para quitar barro'),
(121631, 'Anti lodo (sludger)'),
(121634, 'Extensores'),
(121637, 'Reguladores de hidrato de gas'),
(121639, 'Reguladores de sarro'),
(121640, 'Bactericidas'),
(121641, 'In situ'),
(121642, 'Retardadores'),
(121643, 'Controladores de hierro'),
(121644, 'No emulsificadoras'),
(121648, 'Agentes reductores de agua'),
(121650, 'Agentes anti encogimiento'),
(121715, 'Tintes'),
(121716, 'Pigmentos'),
(121717, 'Compuestos de colores y dispersiones'),
(121815, 'Ceras'),
(121816, 'Aceites'),
(121915, 'Solventes hidrocarbonatos'),
(121916, 'Solventes oxigenados'),
(123524, 'Mezclas'),
(123525, 'Fijadores'),
(131015, 'Caucho natural'),
(131110, 'Resinas'),
(131111, 'Colofonia'),
(131113, 'Espumas'),
(141015, 'Materias primas'),
(141115, 'Papel de imprenta y papel de escribir'),
(141117, 'Productos de papel para uso personal'),
(141118, 'Papeles de uso comercial'),
(141216, 'Papel de seda'),
(141217, 'Papeles laminados'),
(141218, 'Papeles recubiertos'),
(141219, 'Papel prensa y de offset'),
(141221, 'Papeles de base sin recubrir'),
(141222, 'Papeles especializados de uso industrial'),
(151017, 'Gasoil'),
(151115, 'Combustibles gaseosos'),
(151117, 'Aditivos para carburante'),
(151215, 'Preparados lubricantes'),
(151218, 'Anticorrosivos'),
(151219, 'Grasas'),
(151315, 'Combustible nuclear'),
(201015, 'Equipo de corte'),
(201017, 'Trituradoras, quebrantadoras y amoladores'),
(201018, 'Sistemas mecanizados de soporte en tierra'),
(201019, 'Sistemas secundarios de ruptura de roca'),
(201021, 'Barrenas de rocas'),
(201022, 'Maquinaria de cargue de explosivos'),
(201210, 'Equipo acidificante'),
(201211, 'Equipo para cementar'),
(201212, 'Equipo de fracturar'),
(201213, 'Equipo de control de arena'),
(201216, 'Brocas de barrena'),
(201217, 'Herramientas de pesca'),
(201219, 'Equipo de medir y registro del pozo'),
(201220, 'Equipo de prueba y Accesorios'),
(201222, 'Equipo de prueba del pozo'),
(201229, 'Equipo de registrar datos de superficie'),
(201230, 'Equipo multilateral'),
(201231, 'Herramienta para salida de revestimientos'),
(201233, 'Herramientas para revestimientos mientras se perfora'),
(201310, 'Lodo de perforar y materiales'),
(201311, 'Apuntalantes de fracturamiento de pozo'),
(201312, 'Fluidos de completar'),
(201313, 'Cemento de pozo petrolero'),
(201410, 'Equipo de cabeza de pozo'),
(201412, 'Equipo de desarenar'),
(201413, 'Anclas y bombas de chorro de barrenas hacia abajo'),
(201415, 'Bombas de barrenas hacia abajo'),
(201419, 'Equipo de tratamiento de gas'),
(201420, 'Regeneradores de glicol'),
(201421, 'Tratadores de calentadores'),
(201425, 'Equipo para tratar agua producida'),
(201427, 'Unidades de bombear'),
(201429, 'Tanques y recipientes almacenadores'),
(201433, 'Equipo para servicio de oleoductos'),
(211018, 'Aparatos dispersores o aspersores para agricultura'),
(211019, 'Equipo para aves de corral y ganado'),
(211022, 'Maquinaria y equipo para silvicultura'),
(211023, 'Equipo para invernadero'),
(211024, 'Equipo para insectos'),
(211115, 'Equipo de pesca comercial'),
(211116, 'Equipo para acuicultura'),
(221015, 'Maquinaria para trabajo de desmonte'),
(221017, 'Componentes de equipo pesado'),
(231116, 'Maquinaria de hidrotratamiento'),
(231215, 'Maquinaria y accesorios para transformados textiles'),
(231216, 'Maquinaria, equipo y accesorios para trabajo textil'),
(231316, 'Equipo y accesorios de facetaje'),
(231317, 'Equipo del cabbing'),
(231416, 'Maquinaria y accesorios para el preparado del cuero'),
(231417, 'Maquinaria y accesorios para trabajar y reparar cuero'),
(231520, 'Manejo del Web y maquinaria de control y equipo y suministros'),
(231529, 'Maquinaria empacadora'),
(231531, 'Componentes y accesorios de maquinaria industrial'),
(231534, 'Ensambladoras'),
(231535, 'Sistemas de pintura'),
(231538, 'Sistemas de revestimiento'),
(231816, 'Maquinaria para corte de alimentos'),
(231817, 'Maquinaria para cocinar o ahumar alimentos'),
(231910, 'Mezcladores por tandas'),
(231911, 'Mezcladores continuos'),
(231912, 'Piezas de mezcladora y accesorios'),
(232012, 'Equipo de secado industrial'),
(232211, 'Equipo y maquinaria del departamento de matanza y desplumamiento'),
(232212, 'Equipo y maquinaria del departamento de eviscerado'),
(232310, 'Descortezadoras y accesorios'),
(232311, 'Sierras de cinta y accesorios'),
(232312, 'Sierras circulares y accesorios'),
(232313, 'Canteadoras'),
(232314, 'Sierras de recorte y accesorios'),
(232315, 'Clasificadoras de maderos y accesorios'),
(232316, 'Apiladoras de maderos y accesorios'),
(232317, 'Secaderos de madera y equipo y accesorios'),
(232318, 'Troceadoras de madera y accesorios'),
(232319, 'Cepilladoras y accesorios'),
(232320, 'Terminadoras de madera y accesorios'),
(232321, 'Sierras retestadoras y accesorios'),
(232416, 'Herramientas cortadoras de metales'),
(232423, 'Tornos y centros de torneado'),
(232424, 'Centros de maquinado'),
(232426, 'Maquinas para el cortado de metales especializados o diversos'),
(232427, 'Maquinaria para molinos de tubos'),
(232515, 'Maquinaria para tubulares doblados'),
(232518, 'Troqueles y herramientas para el formado de metales'),
(232715, 'Maquinaria de soldadura fuerte'),
(232818, 'Accesorios y herramientas para el tratamiento de metal'),
(232819, 'Maquinaria y suministros para la limpieza del metal'),
(232916, 'Herramientas de molienda industrial'),
(232917, 'Herramientas de escariado industrial'),
(232918, 'Herramientas de roscado industrial'),
(232919, 'Herramientas de barrenado industrial'),
(233015, 'Maquinaria, equipos y accesorios para el trabajo de alambre'),
(241015, 'Camiones industriales'),
(241016, 'Equipo de izaje y accesorios'),
(241017, 'Transportadores y accesorios'),
(241018, 'Equipo para muelles'),
(241019, 'Equipo para manejo de canecas'),
(241021, 'Equipo y suministros para almacenaje'),
(241022, 'Herramientas para envasado'),
(241115, 'Bolsas'),
(241118, 'Tanques y cilindros y sus accesorios'),
(241120, 'Arcones y cestas'),
(241121, 'Toneles, cubas y bidones'),
(241122, 'Latas y cubos'),
(241127, 'Estibas'),
(241128, 'Contenedores de carga'),
(241129, 'Embalajes'),
(241215, 'Cajas, bolsas y sacos para empaquetado'),
(241218, 'Latas para envasado'),
(241220, 'Botellas'),
(241315, 'Refrigeradores industriales'),
(241316, 'Congeladores industriales'),
(241416, 'Suministros de acolchados'),
(251018, 'Bicicletas de motor'),
(251021, 'Camiones tractores'),
(251116, 'Embarcaciones de seguridad y salvamento'),
(251117, 'Embarcaciones militares'),
(251118, 'Embarcaciones de recreo'),
(251217, 'Equipo y sistemas de apoyo ferroviario'),
(251315, 'Aeronave de alas fijas motorizada'),
(251316, 'Aeronave de alas giratorias civil y comercial'),
(251317, 'Aeronave de ala fija militar'),
(251515, 'Naves espaciales'),
(251715, 'Limpiaparabrisas'),
(251716, 'Sistemas de descarchado y antiniebla'),
(251717, 'Sistemas de frenado y componentes'),
(251719, 'Ruedas y acabados'),
(251727, 'Sistemas de control medioambiental'),
(251733, 'Sistemas de control principal'),
(251740, 'Sistema de refrigerar de motor'),
(251741, 'Sistemas de tejado'),
(251747, 'Componentes de ciclo no motorizado o accesorios'),
(251816, 'Chasis automotriz'),
(251817, 'Remolques para productos y materiales'),
(251916, 'Sistemas y equipo de apoyo para transporte espacial'),
(252017, 'Sistemas relacionados con las comunicaciones de vuelo');

-- --------------------------------------------------------

--
-- Estructura de tabla para la tabla `users`
--

CREATE TABLE `users` (
  `id` bigint(20) UNSIGNED NOT NULL,
  `name` varchar(255) COLLATE utf8mb4_unicode_ci NOT NULL,
  `email` varchar(255) COLLATE utf8mb4_unicode_ci NOT NULL,
  `email_verified_at` timestamp NULL DEFAULT NULL,
  `password` varchar(255) COLLATE utf8mb4_unicode_ci NOT NULL,
  `remember_token` varchar(100) COLLATE utf8mb4_unicode_ci DEFAULT NULL,
  `created_at` timestamp NULL DEFAULT NULL,
  `updated_at` timestamp NULL DEFAULT NULL
) ENGINE=InnoDB DEFAULT CHARSET=utf8mb4 COLLATE=utf8mb4_unicode_ci;

--
-- ndices para tablas volcadas
--

--
-- Indices de la tabla `failed_jobs`
--
ALTER TABLE `failed_jobs`
  ADD PRIMARY KEY (`id`),
  ADD UNIQUE KEY `failed_jobs_uuid_unique` (`uuid`);

--
-- Indices de la tabla `migrations`
--
ALTER TABLE `migrations`
  ADD PRIMARY KEY (`id`);

--
-- Indices de la tabla `offers`
--
ALTER TABLE `offers`
  ADD PRIMARY KEY (`offer_id`),
  ADD KEY `offers_activity_id_foreign` (`activity_id`),
  ADD KEY `offers_status_id_foreign` (`status_id`);

--
-- Indices de la tabla `offer_statuses`
--
ALTER TABLE `offer_statuses`
  ADD PRIMARY KEY (`status_id`);

--
-- Indices de la tabla `password_resets`
--
ALTER TABLE `password_resets`
  ADD KEY `password_resets_email_index` (`email`);

--
-- Indices de la tabla `personal_access_tokens`
--
ALTER TABLE `personal_access_tokens`
  ADD PRIMARY KEY (`id`),
  ADD UNIQUE KEY `personal_access_tokens_token_unique` (`token`),
  ADD KEY `personal_access_tokens_tokenable_type_tokenable_id_index` (`tokenable_type`,`tokenable_id`);

--
-- Indices de la tabla `products`
--
ALTER TABLE `products`
  ADD PRIMARY KEY (`product_id`),
  ADD KEY `products_class_id_foreign` (`class_id`);

--
-- Indices de la tabla `product_classes`
--
ALTER TABLE `product_classes`
  ADD PRIMARY KEY (`class_id`);

--
-- Indices de la tabla `users`
--
ALTER TABLE `users`
  ADD PRIMARY KEY (`id`),
  ADD UNIQUE KEY `users_email_unique` (`email`);

--
-- AUTO_INCREMENT de las tablas volcadas
--

--
-- AUTO_INCREMENT de la tabla `failed_jobs`
--
ALTER TABLE `failed_jobs`
  MODIFY `id` bigint(20) UNSIGNED NOT NULL AUTO_INCREMENT;

--
-- AUTO_INCREMENT de la tabla `migrations`
--
ALTER TABLE `migrations`
  MODIFY `id` int(10) UNSIGNED NOT NULL AUTO_INCREMENT, AUTO_INCREMENT=9;

--
-- AUTO_INCREMENT de la tabla `offers`
--
ALTER TABLE `offers`
  MODIFY `offer_id` int(10) UNSIGNED NOT NULL AUTO_INCREMENT, AUTO_INCREMENT=2;

--
-- AUTO_INCREMENT de la tabla `offer_statuses`
--
ALTER TABLE `offer_statuses`
  MODIFY `status_id` bigint(20) UNSIGNED NOT NULL AUTO_INCREMENT, AUTO_INCREMENT=4;

--
-- AUTO_INCREMENT de la tabla `personal_access_tokens`
--
ALTER TABLE `personal_access_tokens`
  MODIFY `id` bigint(20) UNSIGNED NOT NULL AUTO_INCREMENT;

--
-- AUTO_INCREMENT de la tabla `products`
--
ALTER TABLE `products`
  MODIFY `product_id` bigint(20) UNSIGNED NOT NULL AUTO_INCREMENT, AUTO_INCREMENT=10202741;

--
-- AUTO_INCREMENT de la tabla `product_classes`
--
ALTER TABLE `product_classes`
  MODIFY `class_id` bigint(20) UNSIGNED NOT NULL AUTO_INCREMENT, AUTO_INCREMENT=252018;

--
-- AUTO_INCREMENT de la tabla `users`
--
ALTER TABLE `users`
  MODIFY `id` bigint(20) UNSIGNED NOT NULL AUTO_INCREMENT;

--
-- Restricciones para tablas volcadas
--

--
-- Filtros para la tabla `offers`
--
ALTER TABLE `offers`
  ADD CONSTRAINT `offers_activity_id_foreign` FOREIGN KEY (`activity_id`) REFERENCES `products` (`product_id`) ON DELETE CASCADE,
  ADD CONSTRAINT `offers_status_id_foreign` FOREIGN KEY (`status_id`) REFERENCES `offer_statuses` (`status_id`) ON DELETE CASCADE;

--
-- Filtros para la tabla `products`
--
ALTER TABLE `products`
  ADD CONSTRAINT `products_class_id_foreign` FOREIGN KEY (`class_id`) REFERENCES `product_classes` (`class_id`) ON DELETE CASCADE;
COMMIT;

/*!40101 SET CHARACTER_SET_CLIENT=@OLD_CHARACTER_SET_CLIENT */;
/*!40101 SET CHARACTER_SET_RESULTS=@OLD_CHARACTER_SET_RESULTS */;
/*!40101 SET COLLATION_CONNECTION=@OLD_COLLATION_CONNECTION */;
